1	战士觉醒系列套装
2	永恒三件套
3	战士永恒系列套装
4	法师永恒系列套装
5	弓箭手永恒系列套装
6	飞侠永恒系列套装
7	海盗永恒系列套装
8	战士重生系列套装
9	法师重生系列套装
10	弓箭手重生系列套装
11	飞侠重生系列套装
12	海盗重生系列套装
13	强力漫步者套装
14	神秘漫步者套装
15	清风漫步者套装
16	迷雾漫步者套装
17	幸运漫步者套装
18	阿加雷斯血色套装
19	艾里格斯血色套装
20	伊布斯血色套装
21	赫尔巴斯血色套装
22	维帕尔血色套装
23	梅兹的新月套装
24	梅兹的旭日套装
25	狮心套装
26	龙尾套装
27	鹰翼套装
28	渡鸦之魂套装
29	鲨齿套装
30	三国名将挑战者套装
31	2012考古套装
32	冒险岛宝石套装
33	冒险岛铂金套装
34	雅典娜女神套装
40	独角兽的朋友套装
45	维克特班·雷昂套装
46	赫克斯班·雷昂套装
47	塞林班·雷昂套装
48	斯卡班·雷昂套装
49	梅尔班·雷昂套装
50	半月套装
51	烈日套装
52	不朽英雄套装
53	永恒英雄套装
54	传说枫叶套装
55	休彼德蔓奢华套装
56	海军舰长套装
57	不灭法老套装
58	运动会优胜组套装
59	希望之树之银色套装
60	希望之树之金色套装
61	希望之树之传说套装
63	猫猫海贼船
66	地狱猎犬
69	君主英勇套装
70	君主记忆套装
71	君主锋锐套装
72	君主迅捷套装
73	君主炽热套装
74	君主饰品套装
75	征服者饰品套装
76	公爵饰品套装
77	银色四叶草套装
78	金色四叶草套装
79	利益公爵饰品套装
80	灵幻道士套装
81	雅典娜女神套装
82	露西亞套装
88	劳动之光-龙神礼包
89	劳动之光-暗影双刀礼包
90	劳动之光-豹弩游侠礼包
91	劳动之光-唤灵斗师礼包
92	劳动之光-双弩精灵礼包
93	劳动之光-恶魔猎手礼包
94	劳动之光-战斗礼包（白色）
99	2012被发掘的遗物套装
100	9周年套装
101	外星人系列
102	魔族好友们套装
103	专属 9周年套装
104	豪华阿加雷斯套装
105	豪华艾里格斯套装
106	豪华伊布斯套装
107	豪华赫尔巴斯套装
108	豪华维帕尔套装
109	怪盗幻影套
110	凉爽夏日
111	冒险勇者红色套装
112	冒险勇者绿色套装
113	冒险勇者蓝色套装
114	冒险勇者粉色套装
115	冒险勇者黄色套装
116	冒险勇者黑色套装
117	冒险勇者黑寡妇套装
118	冒险勇者套装
119	混沌品克缤套装Ⅰ
120	布莱克缤套装
121	库珀金属部件套装
122	铜金属部件套装
123	钢铁金属部件套装
124	黄金金属部件套装
125	赤金金属部件套装
126	混沌品克缤套装Ⅱ
127	天照套装
128	大山祇神套装
129	天钿女命套装
130	月夜见尊套装
131	素盏呜尊套装
133	最强鲨鱼套装
134	风暴套装
135	品克缤狂人套装
136	脆弱新手骑士套装
137	脆弱中级骑士套装
138	脆弱高级骑士套装
139	巧克力精灵
140	宝宝龙套装
141	黄金月饼组合
142	时空套装
143	蝴蝶
144	国庆节
145	黑暗光芒
149	小熊宠物套装
150	传奇新手骑士套装
151	中级骑士套装
152	勇敢中级骑士套装
153	智慧中级骑士套装
154	勇敢高级骑士套装
155	智慧高级骑士套装
156	传奇高级骑士套装
157	运动会优胜组套装
158	南瓜宠物套装
159	狂龙战士暴风成长套装
160	夜光法师暴风成长套装
161	天使暴风成长套装
162	斯泰拉套装
163	组队任务套装
164	终极套装
165	考拉宠物套装
166	夜光法师礼包(恶魔)
167	阿拉丁礼包
168	十二生肖豪华礼包(蛇)
169	寒霜套装
170	十二生肖蛇宠礼包
171	命运序曲套装
174	黑蛇套装
175	白蛇套装
176	电击套装
177	绵软花蘑菇套装
178	松鼠宠物套装
179	原子套装（男）
180	离子套装（男）
181	坡顿套装（男）
182	原子套装（男）
183	离子套装（男）
184	坡顿套装（男）
185	原子套装（男）
186	离子套装（男）
187	坡顿套装（男）
188	原子套装（男）
189	离子套装（男）
190	坡顿套装（男）
191	原子套装（男）
192	离子套装（男）
193	坡顿套装（男）
194	原子套装（女）
195	离子套装（女）
196	坡顿套装（女）
197	原子套装（女）
198	离子套装（女）
199	坡顿套装（女）
200	原子套装（女）
201	离子套装（女）
202	坡顿套装（女）
203	原子套装（女）
204	离子套装（女）
205	坡顿套装（女）
206	原子套装（女）
207	离子套装（女）
208	坡顿套装（女）
209	冒险岛强韧意志黄色套装
210	冒险岛强韧意志绿色套装
211	冒险岛强韧意志蓝色套装
212	冒险岛强韧意志红色套装
213	冒险岛强韧意志黑色套装
214	皇家英勇套装
215	皇家记忆套装
216	皇家锋锐套装
217	皇家迅捷套装
218	皇家炽热套装
219	皇家饰品套装
220	料理师套装
221	自由品克缤套装
222	自由布莱克缤套装
223	2014万福
224	妖精套装（男）
225	暴风雪套装（男）
226	妖精套装（男）
227	暴风雪套装（男）
228	妖精套装（男）
229	暴风雪套装（男）
230	妖精套装（男）
231	暴风雪套装（男）
232	妖精套装（男）
233	暴风雪套装（男）
234	妖精套装（女）
235	暴风雪套装（女）
236	妖精套装（女）
237	暴风雪套装（女）
238	妖精套装（女）
239	暴风雪套装（女）
240	妖精套装（女）
241	暴风雪套装（女）
242	妖精套装（女）
243	暴风雪套装（女）
244	妖精寒霜套装
245	高尔夫套装
246	New魔族好友们套装
247	鲁塔比斯套装（战士）
248	鲁塔比斯套装（魔法师）
249	鲁塔比斯套装（弓箭手）
250	鲁塔比斯套装（飞侠）
251	鲁塔比斯套装（海盗）
252	贝伦
253	天使神圣祝福
254	蜜蜂套装
255	酸酸甜甜的白色情人节
256	鲁提鲁提
257	休彼德蔓强力套装
258	小绵羊睡衣套装
259	可爱花蘑菇拼图
260	爱情公寓拼图
261	明星熊仔礼包
265	可爱恶魔套装
266	鲁塔比斯宠物套装
268	10周年拼图套装
273	高尔夫套装
274	冒险岛白色套装
275	冒险岛黑色套装
276	外星碎片套装
277	夏日海洋套装
278	莎莉曼德套装
281	魔犬契约宠物
282	魔犬之爱宠物
283	魔犬庇佑宠物
284	冒险岛棒球套装
285	冒险岛赛手套装
286	炼金术士套装
287	巨匠套装
288	圣翼骑士套装
289	金标骑士套装
299	超越证明套装
300	身强力壮的铠鼠
301	超级明星套装
303	革命套装
304	快乐套装
305	不朽巨匠英雄套装
306	永恒巨匠英雄套装
307	闪烁羽毛套装
308	拿破仑套装
310	克里蒂亚斯套装
311	精灵王套装
312	布迪军团长宠物
315	低级贝勒德套装
316	中级贝勒德套装
317	高级贝勒德套装
318	最高级贝勒德套装
319	女仆&执事套装
320	血腥套装
321	小栗栗兄弟宠物
322	波比魔法套装
323	激动的毛莫
324	不满意的九尾狐
325	小烛头宠物
326	萬聖節幻影套組
328	漩涡套装
329	伊帕娅之宝物套装
330	岩炎赎罪套装
331	求爱的毛莫
332	抵抗的九尾狐
333	力量拼图
334	智慧拼图
335	敏捷拼图
336	幸运拼图
343	巧克力干酪套装
344	泡芙宠物
345	快乐豆豆宠物
346	蓝色雪糕套装
347	新手战士套装
348	新手魔法师套装
349	新手弓箭手套装
350	新手飞侠套装
351	新手海盗套装
352	1st战士套装
353	1st魔法师套装
354	1st弓箭手套装
355	1st飞侠套装
356	1st海盗套装
357	2nd战士套装
358	2nd魔法师套装
359	2nd弓箭手套装
360	2nd飞侠套装
361	2nd海盗套装
362	3rd战士套装
363	3rd魔法师套装
364	3rd弓箭手套装
365	3rd飞侠套装
366	3rd海盗套装
367	4th战士套装
368	4th魔法师套装
369	4th弓箭手套装
370	4th飞侠套装
371	4th海盗套装
372	林之灵宠物套装
373	狐狸的报恩
374	新手工作员的宇宙船
375	高级工作员的摩托车
376	资深工作员的强力机甲
377	企鹅君宠物
378	隐月套装
385	邦尼大师套装
388	巧克力棒棒糖套装
389	精灵皮克套装
391	十二生肖礼包_神马宠物
392	恶魔宝宝宠物
393	翼魔宝宝宠物
394	管家&女仆套装
397	恶魔宝宝宠物
398	翼魔宝宝宠物
399	恶魔宝宝宠物
400	翼魔宝宝宠物
401	小阿琅宠物
402	泡泡春游套装
403	吉娃娃宠物
404	彩糖套装
406	2014运动会优胜组套装
408	派对日记套装
410	11周年神圣套装
416	美狐宠物
417	绝世美狐宠物
422	 购物狂套装
425	海鸥旅行套装
432	6th战士套装
433	6th魔法师套装
434	6th弓箭手套装
435	6th飞侠套装
436	6th海盗套装
437	5th战士套装
438	5th魔法师套装
439	5th弓箭手套装
440	5th飞侠套装
441	5th海盗套装
442	7th 战士套装
443	7th魔法师套装
444	7th弓箭手套装
445	7th飞侠套装
446	7th海盗套装
447	8th战士套装
448	8th魔法师套装
449	8th弓箭手套装
450	8th飞侠套装
451	8th海盗套装
452	死灵法师战士套装
453	死灵法师魔法师套装
454	死灵法师弓箭手套装
455	死灵法师飞侠套装
456	死灵法师海盗套装
457	皇家班·雷昂战士套装
458	皇家班·雷昂魔法师套装
459	皇家班·雷昂弓箭手套装
460	皇家班·雷昂飞侠套装
461	皇家班·雷昂海盗套装
462	首领怪饰品套装
464	传说闪耀蝴蝶套装
465	玩具王国宠物套装
466	光明天使羽翼
467	黑暗天使羽翼
469	蜥蜴宠物套装
474	胡克好友拼图
475	奥兹好友拼图
476	伊莉娜好友拼图
477	伊卡尔特好友拼图
478	希纳斯好友拼图
479	南哈特好友拼图
480	蓝色丝带宠物组合技能
485	可爱巴尼兔套装
486	无敌啦啦队长套装
489	俠客套組
492	黑色天堂宠物套装
495	快乐的主旋律套装
497	宇宙冲撞套装
498	环游世界套装
500	进击宝物盒套装道具
504	埃苏莱布斯套装（战士）
505	埃苏莱布斯套装（魔法师）
506	埃苏莱布斯套装（弓箭手）
507	埃苏莱布斯套装（飞侠）
508	埃苏莱布斯套装（海盗）
510	黑色套装
511	茶君茶妹咖啡弟
512	하프물범 펫
513	下级环游世界套装
516	上级新星拼图物攻套装
517	上级新星拼图魔攻套装
518	真·新星拼图物攻套装
519	真·新星拼图魔攻套装
520	死亡之刃套装
522	小羊宠物礼包
524	十二生肖礼包_羊咩咩
525	羊入虎口套装
526	VIP羊羊得意套装
527	蝴蝶之恋套装
528	VIP羊羊得意套装
530	顶级羊套装
533	好朋友宠物套装
534	小花仙套装
535	熊熊马卡龙宠物
536	双色幻想之翼
537	彩虹小马宠物
538	彩虹精灵宠物
543	冒险岛宝藏套装
544	飞翔浪漫套装
546	彩虹小马宠物
547	彩虹精灵宠物
548	彩虹小马宠物
549	彩虹精灵宠物
550	薄荷喵漫游仙境套装
554	黑门城
555	海豹王子宠物
556	呆萌鼠鼠套装
558	厨神的炉灶套装
559	厨神的烤箱套装
560	厨神的搅拌机套装
561	喵星人宠物
562	品克缤物攻拼图
563	品克缤魔攻拼图
564	真-品克缤物攻拼图
565	真-品克缤魔攻拼图
566	키네시스 세트
568	金花套装
569	古董品图腾套装
571	爱情蓝鸟套装
573	乌鲁斯时装礼包
574	农夫甜心套装
575	甜点家族宠物
578	万圣节装饰
580	橘子節 20週年紀念 2015 橘子樂園套裝
581	自嗨时间套装
582	闪耀骑士团
583	永恒骑士团
584	星期套装
587	汗蒸套装
588	1st英雄套装
589	重启大师时间套装
590	呆萌小狐猴
591	享受冬季套装
592	2nd英雄套装
593	戴米安和俘虏套装
595	音乐会缪斯套装
596	克拉齐亚探险者套装
597	控制之神好友套装
598	复苏之春套装
599	闪闪棉花糖宠物
600	长尾山雀宠物
601	草莓甜心套装
602	草木精灵套装
603	重启高级佛罗拉套装
604	侦探团宠物套装
605	玫瑰天使套装
606	大型犬宝宝宠物
607	黑色童子军套装
608	星空兰花套装
609	女王冰淇淋套装
610	小霓虹之翼
611	夏季吉格蒙特拼图
612	夏季南哈特拼图
613	夏季希纳斯拼图
614	水枪大作战! 拼图
615	音乐盛典套装
616	折耳猫宝宝套装
617	神秘之影套装(战士)
618	神秘之影套装(魔法师)
619	神秘之影套装(弓箭手)
620	神秘之影套装(飞侠)
621	神秘之影套装(海盗)
622	拉克兰幻想曲套装
623	女巫的喵宠物套装
624	小路西德套装
625	假面的神秘力量
627	小神鸦
628	心动校服套装
630	异逝界的痕迹
631	神鸡的战嚎
632	橘子節 21週年紀念 2016 橘子樂園套裝
633	南瓜星套装
634	童话世界奥尔卡套装
635	冬季军团套装
636	甜蜜咖啡屋套服
637	路西德蝴蝶戒指
638	小黑天使之翼
639	来自星星的盛宴
640	舞动的雪花套装
641	重启白雪大师套装
642	小鸡萌萌哒
643	小小黄鸡套装
644	喵喵套装
645	松脆炸虾套装
646	月光灯套装
647	吸血喵宠物
648	活力野餐套装
649	阿尔卡那精灵伙伴
650	樱桃的香气套装
651	热心套装
652	埃尔露娜饰品5阶套装
653	羊驼
654	宇宙仇敌套装
655	闪亮钻石套装
656	无限之翼
657	战神玩偶套装
661	真實之心套裝
662	次元图书管理员套装
663	超越套装
664	海边婚礼套装
665	来玩吧套装
666	瞌睡兔宝宝套装
668	我是鱼人
670	熊熊乐园郊游套装
671	微型汽车
672	北极熊宝宝
673	萌屁屁小柴套装
674	奇迹路西德套装
675	金色摇篮曲套装
676	龙神玩偶套装
677	漆黑首领怪套装
680	至尊血腥套装
681	重启血族至尊套装
682	테리어
686	橘子節 22週年紀念 2017 橘子樂園套裝
687	梦幻咏叹调套装
688	林中小伙伴套装
689	红脸蛋儿套装
691	人偶的梦套装
692	温暖冬日套装
695	毛茸雪狐套装
697	雪绒花套装
698	梅花物语套装
699	柴犬
700	极地探险
701	永恒的水晶兔
702	粉彩小鹿套装
703	蛋蛋三姐弟套装
704	晴天娃娃
705	小小画家套装
707	阿帕冯宠物套装
708	夏日小柴
713	糖果天使套装
714	守护骑士套装
715	萌萌火烈鸟
716	云朵妖精套装
717	迷你车套装
719	清晨散步套装
720	小精灵套装
721	雪花朋友套装
722	四四方方动物朋友套装
723	大师斯泰拉套装
724	重启大师斯泰拉套装
725	珊瑚海套装
726	小恐龙宝宝
727	小幻影套装
734	漆黑之翼套装
735	火焰侦探套装
736	睡猫套装
737	岁月静好套装
738	死灵术士套装
740	甜甜雪花套装
741	小小真希拉和孩子们
742	喜庆猪宝宝
743	洞穴仓鼠套装
744	山茶花套装
745	薰衣草旋律套装
746	大冒险好友套装
747	午夜月蚀套装
748	我不是这样的套装
750	果童子
752	凶暴兔套装
753	呆萌怪
754	파스텔 행성
755	便当套装
756	樱花雨衣套装
757	星之记录者套装
758	阴影之主套装
759	重启阴影之主套装
760	元素精灵套装
761	新复古怪物套装
762	灭世者披风
763	创世者披风
764	消亡旅途套装
765	小乌帕卢帕
766	永爱大海套装
767	小药水力量
768	水果刺猬
769	蓝天花蝴蝶套装
771	小幽灵伙伴
772	小邦尼套装
773	咬住尾巴套装
774	小熊夜晚散步套装
775	甜软烤棉花糖宠物
776	午夜月光套装
777	天空乐队套装
779	娇小猫咪宠物
780	火之元素术士套装
781	发条老鼠
786	樱花
789	潦草怪物宠物
791	高级贝勒德套装
886	永恆套組(劍士)
887	永恆套組(法師)
888	永恆套組(弓箭手)
889	永恆套組(盜賊)
890	永恆套組(海盜)
934	公會城胸章套組
993	传说赏金猎人套组
994	大师赏金猎人套组
995	高手赏金猎人套组
996	一般赏金猎人套组
997	新手赏金猎人套组
