id	name	source	sizeKB
5000402	芭蕾舞女孩丽恩	live	71.6
5000403	小士兵阿红	live	59.6
5000404	小士兵阿蓝	live	60.3
5000405	绿色蜥蜴	live	52.2
5000406	粉色蜥蜴	live	50.6
5000407	橙色蜥蜴	live	50.6
5000408	小希爱拉	live	126.9
5000409	小瑞恩	live	118.6
5000410	肥肥(黑色)	bms	39.2
5000414	小亚敏	live	144.1
5000415	布迪 斯乌	live	63.8
5000416	布迪 奥尔卡	live	69.2
5000417	布迪 格里梅尔	live	85.5
5000424	棉花糖-羊咩咩	live	265.0
5000425	绿抹茶君	live	130.1
5000426	红茶妹	live	122.6
5000427	咖啡弟	live	82.3
5000428	孤独雪人	live	144.2
5000429	新粉色海豹I	live	62.7
5000430	新小海豹I	live	63.5
5000431	新小海豹II	live	63.5
5000432	新粉色海豹II	live	62.8
5000433	迅猛羊	live	56.2
5000434	魔法羊	live	66.7
5000435	宽恕羊	live	56.4
5000437	橘子家族宠物	live	123.6
5000442	?	live	87.1
5000443	埃尔文狗狗	live	97.4
5000444	莉莉喵	live	88.6
5000445	小猫奈落	live	33.8
5000446	草莓熊卡龙	live	89.6
5000447	香蕉熊卡龙	live	90.7
5000448	曲奇熊卡龙	live	94.0
5000449	?	live	220.7
5000451	?	live	490.4
5000452	软乎乎的品克缤	live	196.0
5000456	?	live	132.6
5000457	?	live	125.6
5000458	?	live	86.2
5000459	黑色小猫	live	31.8
5000460	王子马林	live	81.3
5000461	王子古德	live	80.5
5000462	王子品克	live	80.8
5000463	烤栗子	live	55.8
5000464	姜饼人	live	220.7
5000465	橙子	live	124.5
5000466	魔力鸭宠物	live	81.6
5000468	坠落的小流星	live	96.3
5000469	喵星人奈落	live	64.8
5000470	喵星人奶酪	live	35.4
5000471	喵星人三顺	live	36.5
5000473	小乌鲁斯	live	185.3
5000474	海绵蛋糕	live	67.0
5000475	嘎嘣派	live	93.5
5000476	糖果宝宝	live	144.9
5000479	小扎昆	live	166.9
5000480	冰龙	live	69.2
5000482	独角兽吉尼	live	85.9
5000483	呆萌小狐猴	live	123.8
5000484	小龙神	live	113.2
5000485	小战神	live	123.8
5000486	小幻影	live	148.7
5000490	小夜光法师	live	95.5
5000491	小双弩精灵	live	104.0
5000492	小隐月	live	86.2
5000493	波斯猫	live	127.4
5000494	小戴米安	live	138.3
5000495	小阿丽莎	live	100.6
5000496	小利琳	live	102.8
5000497	魔族迪亚	live	407.2
5000498	沙漠狐狸	live	82.4
5000499	?	live	227.0
5000500	?	live	61.6
5000501	?	live	84.0
5000502	?	live	87.7
5000503	?	live	91.8
5000505	?	live	139.0
5000507	?	live	42.0
5000508	?	live	432.4
5000509	?	live	100.3
5000510	?	live	262.3
5000511	?	live	85.5
5000513	?	live	100.7
5000514	?	live	132.6
5000515	?	live	125.6
5000516	?	live	86.2
5000517	?	live	179.1
5000518	?	live	456.4
5000519	?	live	457.2
5000520	?	live	454.3
5000521	?	live	157.8
5000522	?	live	100.3
5000524	?	live	93.6
5000525	?	live	75.2
5000526	?	live	71.1
5000527	?	live	87.1
5000528	猫鼬家族	live	369.2
5000529	永恒的小肥喵	live	226.0
5000530	?	live	57.3
5000531	?	live	67.9
5000532	?	live	57.6
5000533	?	live	98.5
5000534	?	live	89.7
5000535	?	live	36.6
5000536	?	live	91.3
5000537	?	live	92.3
5000538	?	live	95.9
5000541	永恒的玉兔	live	33.4
5000545	?	live	225.7
5000546	?	live	163.0
5000547	?	live	58.0
5000548	?	live	121.2
5000549	?	live	120.6
5000550	?	live	123.8
5000551	?	live	69.5
5000552	?	live	69.2
5000553	?	live	65.8
5000554	?	live	116.4
5000555	?	live	124.6
5000556	?	live	116.6
5000557	?	live	66.1
5000558	?	live	38.4
5000559	?	live	39.6
5000561	?	live	44.9
5000563	?	live	126.0
5000565	棉花糖-云朵	live	105.8
5000566	棉花糖-LV	live	93.3
5000567	棉花糖-小粉	live	105.2
5000568	?	live	63.8
5000569	?	live	250.8
5000570	?	live	42.8
5000571	?	live	45.6
5000572	?	live	76.4
5000573	?	live	113.2
5000574	?	live	123.8
5000575	?	live	148.6
5000576	?	live	95.5
5000577	?	live	104.0
5000578	?	live	86.2
5000579	?	live	490.4
5000580	?	live	138.3
5000581	?	live	100.6
5000582	?	live	100.2
5000585	?	live	132.7
5000586	?	live	43.7
5000587	?	live	33.1
5000588	?	live	38.1
5000589	?	live	35.6
5000590	?	live	37.0
5000591	?	live	55.7
5000592	황금닭	live	166.4
5000593	?	live	71.8
5000594	?	live	55.1
5000595	小鸡哔哔	live	30.3
5000596	?	live	42.8
5000597	?	live	45.6
5000598	?	live	76.4
5000600	美美熊	live	65.8
5000601	拳击猫	live	55.9
5000602	钢铁兔	live	86.0
5000604	?	live	32.0
5000605	?	live	165.4
5000606	长尾山雀宠物	live	253.8
5000607	小青蛙嘟嘟	live	42.8
5000608	小乌龟奈奈	live	45.6
5000609	小老虎灵灵	live	76.4
5000610	绵软蛋糕	live	68.9
5000611	?	live	63.8
5000612	?	live	118.8
5000613	?	live	100.7
5000614	?	live	100.7
5000615	?	live	85.5
5000616	长尾山雀宠物	live	253.8
5000617	?	live	250.8
5000618	?	live	250.7
5000620	牧羊犬	live	52.5
5000621	萨摩耶	live	47.0
5000622	金毛犬	live	55.3
5000623	?	live	104.4
5000624	粉色小熊猫	live	87.7
5000626	?	live	138.3
5000627	?	live	100.6
5000628	?	live	100.2
5000629	?	live	189.0
5000630	?	live	100.3
5000631	小神鸦	live	132.6
5000632	小比格	live	43.6
5000633	喵喵酱小奶酪	live	54.9
5000634	喵喵酱白莎莎	live	55.4
5000635	喵喵酱COCO	live	53.1
5000636	女巫的小黑喵	live	33.1
5000637	女巫的小灰喵	live	38.1
5000638	女巫的小白喵	live	35.6
5000639	小比熊犬	live	37.0
5000640	黄金小熊猫	live	86.9
5000641	黑色路西德	live	130.5
5000642	蓝色路西德	live	136.3
5000643	粉色路西德	live	130.4
5000644	?	live	130.9
5000645	?	live	139.3
5000646	?	live	137.8
5000647	?	live	67.9
5000648	?	live	57.3
5000649	?	live	57.6
5000650	?	live	98.5
5000651	?	live	89.7
5000652	?	live	36.5
5000653	神鸡	live	55.6
5000654	?	live	84.0
5000655	?	live	87.7
5000656	?	live	91.7
5000657	?	live	116.4
5000658	?	live	124.5
5000659	?	live	116.6
5000660	?	live	202.1
5000661	?	live	139.0
5000662	?	live	92.9
5000663	?	live	104.4
5000664	?	live	85.9
5000665	?	live	75.2
5000666	?	live	71.1
5000667	?	live	87.1
5000668	?	live	225.7
5000669	?	live	121.2
5000670	?	live	120.6
5000671	?	live	123.8
5000672	苹果奥尔卡	live	121.2
5000673	芒果奥尔卡	live	120.2
5000674	大海奥尔卡	live	120.0
5000675	小扎昆	live	165.3
5000676	?	live	66.1
5000677	?	live	38.4
5000678	?	live	39.6
5000679	?	live	83.3
5000680	?	live	82.3
5000681	?	live	82.6
5000682	?	live	100.3
5000683	?	live	37.3
5000684	?	live	42.0
5000685	迷你咕咕	live	37.8
5000686	萌小鸡	live	166.4
5000687	?	live	69.0
5000688	?	live	95.9
5000689	?	live	146.3
5000690	?	live	100.0
5000691	?	live	94.7
5000692	?	live	106.7
5000693	?	live	131.9
5000694	?	live	137.6
5000695	?	live	131.8
5000696	炸虾	live	92.4
5000697	吸血喵	live	64.9
5000698	?	live	57.7
5000699	?	live	59.6
5000700	?	live	68.0
5000701	?	live	52.5
5000702	?	live	47.0
5000703	?	live	55.3
5000704	?	live	68.7
5000705	?	live	68.7
5000706	?	live	69.5
5000707	小不点精灵	live	102.7
5000708	树精灵	live	95.0
5000709	石头精灵	live	107.5
5000710	?	live	67.5
5000711	?	live	66.4
5000712	?	live	66.2
5000713	?	live	54.9
5000714	?	live	55.3
5000715	?	live	53.1
5000716	?	live	157.8
5000717	?	live	71.8
5000718	羊驼萌萌	live	47.5
5000719	羊驼布朗尼	live	47.6
5000720	羊驼小灰灰	live	50.7
5000721	宇宙奥尔卡	live	150.7
5000722	宇宙斯乌	live	133.3
5000723	宇宙幻影	live	144.0
5000724	?	live	350.7
5000725	?	live	438.1
5000726	?	live	407.2
5000727	战神玩偶	live	123.9
5000730	?	live	113.0
5000731	?	live	118.8
5000732	?	live	128.9
5000736	科雅	live	48.4
5000737	蒙耶	live	48.4
5000738	朱亚	live	54.1
5000739	?	live	130.5
5000740	小波波	live	60.5
5000741	我是魔鬼鱼	live	62.9
5000742	我是河豚	live	66.4
5000743	我是咸鱼	live	54.6
5000744	?	live	93.6
5000746	微型巴士	live	52.8
5000747	微型出租车	live	43.8
5000748	微型卡车	live	51.9
5000749	机械喵	live	124.4
5000750	北极熊宝宝	live	21.8
5000751	小甜甜	live	47.1
5000752	小松松	live	44.6
5000753	小沫沫	live	49.7
5000754	龙神玩偶	live	113.2
5000755	?	live	91.7
5000756	?	live	120.1
5000757	?	live	119.2
5000758	?	live	119.0
5000759	波士顿梗犬	live	20.4
5000760	约克夏梗犬	live	29.6
5000761	西高地白梗犬	live	20.0
5000762	懒懒熊	live	57.3
5000763	花栗鼠	live	66.2
5000764	胖小啾	live	43.5
5000765	粉嫩刺猬	live	42.8
5000766	天蓝刺猬	live	42.4
5000767	蛋黄刺猬	live	42.7
5000768	迷你绿水灵	live	53.3
5000769	迷你白雪人	live	54.2
5000770	?	live	30.2
5000772	珊珊	live	87.7
5000773	纳利	live	88.2
5000774	白露	live	88.2
5000775	?	live	104.2
5000776	?	live	104.3
5000777	?	live	102.9
5000778	?	live	46.8
5000779	?	live	44.3
5000780	?	live	49.5
5000781	?	live	102.7
5000782	?	live	95.0
5000783	?	live	107.5
5000784	?	live	120.9
5000785	柴犬	live	42.7
5000786	迷你马尔	live	61.5
5000789	永恒的水晶兔	live	106.0
5000790	粉红小鹿	live	106.3
5000791	粉绿小鹿	live	108.4
5000792	粉紫小鹿	live	108.5
5000793	流心蛋	live	48.3
5000794	白煮蛋	live	48.2
5000795	茶叶蛋	live	48.9
5000796	马斯特玛	live	60.5
5000797	甘迪宝宝	live	59.2
5000798	黄金道哥	live	41.6
5000806	黑色路西德	live	130.5
5000807	奶油路西德	live	136.3
5000808	粉色路西德	live	130.4
5000809	?	live	47.6
5000810	?	live	50.7
5000811	?	live	47.5
5000812	?	live	54.6
5000813	?	live	62.9
5000814	?	live	66.4
5000821	?	live	64.9
5000822	?	live	52.8
5000823	?	live	43.8
5000824	?	live	51.9
5000828	?	live	21.8
5000829	?	live	20.4
5000830	?	live	29.6
5000831	?	live	20.0
5000835	永恒的柴犬	live	42.8
5000836	永恒的水晶兔	live	106.2
5000838	?	live	149.2
5000839	?	live	132.0
5000840	?	live	142.4
5000844	?	live	44.6
5000846	?	live	47.1
5000847	?	live	44.6
5000848	?	live	49.7
5000849	?	live	62.8
5000850	?	live	44.3
5000852	永恒的蛙里奥	live	37.3
5000853	永恒的爱德华	live	22.1
5000854	?	live	85.8
5000855	?	live	100.7
5000856	?	live	56.9
5000857	?	live	203.3
5000858	?	live	237.8
5000859	?	live	231.9
5000860	?	live	53.8
5000861	?	live	54.5
5000862	?	live	82.6
5000866	?	live	61.1
5000867	?	live	131.9
5000868	?	live	137.6
5000869	?	live	131.8
5000870	精灵王欧碧拉	bms	25.8
5000871	精灵女王泰坦尼亚	bms	25.8
5000872	精灵小匹克	bms	25.8
5000877	aa1	bms	19.0
5000878	aa2	bms	19.0
5000879	aa3	bms	19.0
5000884	胜利	bms	25.8
5000885	荣耀	bms	25.8
5000886	小邦尼	bms	25.9
5000900	?	live	48.6
5000901	?	live	48.6
5000902	?	live	54.4
5000903	乖巧的晴天娃娃	live	25.1
5000904	活泼的晴天娃娃	live	25.6
5000905	傲娇的晴天娃娃	live	25.4
5000906	帕卡	live	95.2
5000907	冯卡	live	95.3
5000908	普卡	live	104.3
5000909	柴犬小机灵	live	58.7
5000910	柴犬小正直	live	61.1
5000911	柴犬小调皮	live	60.1
5000912	?	live	150.7
5000913	?	live	133.3
5000914	?	live	144.0
5000915	?	live	88.2
5000916	?	live	88.7
5000917	?	live	88.7
5000918	神秘	live	168.5
5000919	云云	live	158.6
5000920	闪闪	live	166.1
5000921	品克缤嘟嘟	live	60.6
5000922	绿水灵嘟嘟	live	58.7
5000923	白雪人嘟嘟	live	56.3
5000924	三文鱼寿司	live	62.8
5000925	兴高采烈姆	live	44.3
5000926	粉红火烈鸟	live	44.3
5000927	深红火烈鸟	live	44.7
5000928	渐变火烈鸟	live	46.3
5000929	可魯	live	44.5
5000930	精灵王欧碧拉	live	134.7
5000931	精灵女王泰坦尼亚	live	135.4
5000932	精灵小匹克	live	93.6
5000933	彭彭	live	78.2
5000934	平平	live	191.4
5000935	风风	live	88.4
5000936	四方狗	live	35.8
5000937	四方猫	live	41.7
5000938	四方鼠	live	40.1
5000939	面包包	live	49.9
5000940	马龙龙	live	56.9
5000942	?	live	107.1
5000943	?	live	109.1
5000944	?	live	109.2
5000945	符文蜗牛	live	21.6
5000946	?	live	58.7
5000947	?	live	61.1
5000948	?	live	60.1
5000949	?	live	44.3
5000950	?	live	44.7
5000951	?	live	46.3
5000952	小幻影	live	148.7
5000953	小南哈特	live	88.3
5000954	霸王龙宝宝	live	21.2
5000955	剑龙宝宝	live	24.2
5000956	腕龙宝宝	live	24.1
5000957	?	live	21.2
5000958	?	live	24.1
5000959	?	live	24.1
5000960	憨松鼠	live	48.6
5000961	粉松鼠	live	46.9
5000962	啵松鼠	live	46.9
5000963	赛瑞纳	live	228.5
5000964	宇宙兔	live	174.6
5000965	紫晶	live	187.5
5000966	汪汪鸭	live	44.9
5000967	鸡仔汪	live	46.8
5000968	汪汪狐	live	42.5
5000969	豆豆	live	55.7
5000970	云明	live	63.6
5000971	?	live	64.1
5000972	?	live	45.4
5000973	信天翁	live	54.6
5000974	陆龟	live	52.6
5000977	热带企鹅	live	51.5
5000978	刺猬	live	55.1
5000979	睡喵喵	live	57.5
5000980	困喵喵	live	61.1
5000981	呼噜喵	live	59.0
5000982	小希纳斯	live	128.0
5000984	小小真希拉	live	126.4
5000985	小小死灵戴米安	live	152.2
5000986	小小死灵斯乌	live	164.1
5000987	?	live	126.4
5000988	?	live	152.2
5000989	?	live	164.1
5000990	?	live	57.5
5000991	?	live	61.1
5000992	?	live	58.9
5000993	?	live	175.4
5000994	?	live	165.7
5000995	?	live	172.8
5000996	?	live	368.0
5000997	喜庆小白猪	live	42.7
5000998	喜庆小花猪	live	45.1
5000999	喜庆小野猪	live	45.1
5001000	恶魔- 路易斯凹凸曼	live	618.1
5001001	恶魔- 坦帕斯凹凸曼	live	620.7
5001002	恶魔- 维他凹凸曼	live	620.9
5001003	魔鬼- 路易斯凹凸曼	live	717.4
5001004	魔鬼- 坦帕斯凹凸曼	live	718.2
5001005	魔鬼- 维他凹凸曼	live	715.0
5001006	美狐	live	540.4
5001007	美狐	live	538.8
5001008	美狐	live	539.3
5001009	绝世美狐	live	625.8
5001010	绝世美狐	live	630.6
5001011	绝世美狐	live	627.9
5001012	索尔	live	486.5
5001013	斯特拉	live	481.5
5001014	卢娜	live	479.5
5001015	精灵- 索尔	live	917.6
5001016	精灵- 斯特拉	live	910.2
5001017	精灵- 卢娜	live	938.7
5001018	美狐	live	532.0
5001019	美狐	live	530.4
5001020	美狐	live	530.9
5001021	绝世美狐	live	616.2
5001022	绝世美狐	live	620.6
5001023	绝世美狐	live	618.2
5002000	aa	live	42.7
5002001	aa	live	45.1
5002002	aa	live	45.1
5002003	红红小苹果	live	49.8
5002004	粉粉小蜜桃	live	47.7
5002005	黄黄小柠檬	live	46.4
5002006	?	live	49.8
5002007	?	live	47.6
5002008	?	live	46.4
5002009	蛙里奥	live	66.0
5002010	爱德华	bms	24.1
5002011	呆萌怪喵呜	live	28.7
5002012	呆萌怪胡茬鸡	live	28.6
5002013	呆萌怪汪汪	live	31.5
5002014	?	live	28.7
5002015	?	live	28.5
5002016	?	live	31.5
5002017	?	live	58.2
5002018	?	live	35.8
5002019	?	live	41.7
5002020	?	live	40.1
5002021	彩蜡火星	live	36.8
5002022	彩蜡土星	live	37.2
5002023	彩蜡天王星	live	38.6
5002024	彩蜡火星	live	36.8
5002025	彩蜡土星	live	37.1
5002026	彩蜡天王星	live	38.6
5002028	?	live	37.3
5002029	?	live	22.1
5002030	玉子烧	live	19.1
5002031	章鱼香肠	live	22.1
5002032	饭团	live	20.6
5002033	利斯	bms	25.8
5002034	哈斯	bms	25.8
5002035	尼克斯	bms	25.8
5002036	像素蜗	bms	25.8
5002037	像素莱姆	bms	25.8
5002038	像素菇	bms	25.8
5002039	蜜蜂蜂	bms	25.7
5002040	腊肠肠	bms	25.7
5002041	?	live	147.0
5002042	?	live	19.1
5002043	?	live	22.1
5002044	?	live	20.6
5002045	清澈蓝药水	live	55.8
5002046	爱心红药水	live	55.8
5002047	暖心橙药水	live	53.6
5002048	小乌帕	live	40.6
5002049	小镥	live	40.6
5002050	小葱	live	40.0
5002051	?	live	113.2
5002052	?	live	123.8
5002053	?	live	148.6
5002054	?	live	95.5
5002055	?	live	103.9
5002056	?	live	90.0
5002057	桃子刺猬	live	43.5
5002058	蓝莓刺猬	live	43.3
5002059	樱桃刺猬	live	42.8
5002060	?	live	40.5
5002061	?	live	40.5
5002062	?	live	40.0
5002063	?	live	113.0
5002064	?	live	118.8
5002065	?	live	128.9
5002066	?	live	102.7
5002067	?	live	95.0
5002068	?	live	107.5
5002069	?	live	47.2
5002070	?	live	44.7
5002071	?	live	44.6
5002072	?	live	55.8
5002073	?	live	55.8
5002074	?	live	53.6
5002075	饕餮	bms	25.7
5002076	蓝幽灵宠物	bms	19.0
5002077	绿幽灵宠物	bms	19.0
5002078	黄幽灵宠物	bms	19.0
5002079	胜利	bms	25.8
5002080	荣耀	bms	25.8
5002081	邦尼	bms	25.9
5002082	金金	bms	25.8
5002083	银银	bms	25.8
5002084	乖乖	bms	25.8
5002085	饼干熊	bms	25.8
5002086	柯吉拉斯	bms	25.8
5002087	?	live	40.5
5002088	?	live	40.5
5002089	?	live	40.0
5002090	?	live	21.2
5002091	?	live	24.1
5002092	?	live	24.1
5002093	?	live	43.5
5002094	?	live	43.3
5002095	?	live	42.8
5002096	未熟的烤棉花糖宠物	bms	19.1
5002097	熟透的烤棉花糖宠物	bms	19.1
5002098	烧焦的烤棉花糖宠物	bms	19.1
5002100	?	live	49.5
5002101	?	live	50.2
5002102	?	live	50.9
5002103	?	live	50.8
5002104	?	live	50.2
5002105	?	live	50.3
5002106	?	live	50.6
5002107	?	live	50.4
5002108	?	live	50.1
5002109	?	live	50.2
5002110	娇小白猫宠物	live	140.9
5002111	娇小棕纹猫宠物	live	164.9
5002112	娇小黑猫宠物	bms	19.0
5002113	小温莉	bms	25.8
5002120	发条白鼠宠物	bms	7.4
5002125	发条黑鼠宠物	bms	7.4
5002126	发条粉鼠宠物	bms	7.4
5002127	淡粉色樱花宠物	bms	7.4
5002128	粉色樱花宠物	bms	7.4
5002129	深粉色樱花宠物	bms	7.4
5002137	布朗	bms	25.9
5002138	奶霜	bms	25.8
5002139	雪娃娃	bms	25.8
5002140	辣金	bms	25.7
5002141	短耳兔	bms	25.8
5002142	小布乌	bms	25.8
5002143	潦草花蘑菇	bms	16.7
5002144	潦草企鹅王	bms	16.7
5002145	潦草蜗牛	bms	16.7
5002146	小韦伯	bms	25.8
5002150	未熟的樱桃	bms	7.5
5002151	熟透的樱桃	bms	7.5
5002152	过熟的樱桃	bms	7.5
5002153	龙神喵	bms	7.4
5002154	幻影喵	bms	7.4
5002155	法师喵	bms	7.4
5002161	绿绿龙	bms	25.8
5002162	紫紫龙	bms	25.8
5002163	蓝蓝龙	bms	25.8
5002164	睡觉	bms	26.4
5002165	章章鱼	bms	25.7
5002166	小小白鲸	bms	19.0
5002167	小小黑鲸	bms	19.0
5002168	小小粉鲸	bms	19.0
5002169	萧公	bms	25.8
5002176	喜悦小艾尔达宠物	bms	19.0
5002177	愤怒小艾尔达宠物	bms	19.0
5002178	悲伤小艾尔达宠物	bms	19.0
5002183	白色猫头鹰	bms	19.0
5002184	褐色猫头鹰	bms	19.0
5002185	泥土色猫头鹰	bms	19.0
5002186	樱桃小鸡	bms	25.8
5002187	蓝莓小鸡	bms	25.8
5002188	野樱莓小鸡	bms	25.8
5002189	达洙	bms	25.8
5002190	气球狗	bms	25.7
5002191	小蓝色分身宠物	bms	19.0
5002192	小紫色分身宠物	bms	19.0
5002193	小橙色分身宠物	bms	19.0
5002197	黄昏	bms	25.8
5002198	影舞	bms	25.8
5002199	雪团	bms	25.8
5002200	梦狐银河	bms	25.8
5002201	梦狐夏浪	bms	25.8
5002202	梦狐朗月	bms	25.8
5002203	胖虎	bms	25.7
5002204	欧黛特叽叽	bms	25.7
5002205	白头鸦雀	bms	19.0
5002206	棕头鸦雀	bms	19.0
5002207	斑纹鸦雀	bms	19.0
5002211	幸福甜根菜	bms	19.0
5002212	幸福胡萝卜	bms	19.0
5002213	幸福大青葱	bms	19.0
5002214	小黄牛	bms	7.5
5002215	小白牛	bms	7.5
5002216	小花牛	bms	7.5
5002222	林达尔	bms	7.6
5002223	敏捷云朵	bms	7.5
5002224	机灵云朵	bms	7.5
5002225	愉悦太阳	bms	7.5
5002226	雪花喵	bms	25.8
5002227	兔兔喵	bms	25.8
5002228	熊猫喵	bms	25.8
5002229	红豆鲫鱼饼	bms	25.8
5002230	奶油鲫鱼饼	bms	25.8
5002231	可可鲫鱼饼	bms	25.8
5002232	夜之守望者宠物	bms	7.5
5002233	森之守望者宠物	bms	7.5
5002234	空之守望者宠物	bms	7.5
5002235	貓貓蟲咖波	bms	7.5
5002236	兔兔	bms	7.5
5002237	狗狗	bms	7.5
5002238	小白雪人	bms	36.0
5002239	冰沙	bms	26.0
5002243	小卢斯狼	bms	25.8
5002244	小穆托	bms	25.8
5002245	小兰纳纳	bms	25.8
5002246	雪糖糖	bms	25.8
5002247	巧可可	bms	25.8
5002248	草莓兔	bms	7.5
5002249	菠萝猫	bms	7.5
5002250	蜜桃狗	bms	7.5
5002251	黄色狐狸	bms	7.5
5002252	褐色狐狸	bms	7.5
5002253	白色狐狸	bms	7.5
5002254	黄昏	bms	25.9
5002255	晨夜	bms	25.9
5002256	小晶晶	bms	25.9
5002258	金蘑菇	bms	7.5
5002259	红色迷你寄居蟹	bms	7.5
5002260	青色迷你寄居蟹	bms	7.5
5002261	紫色迷你寄居蟹	bms	7.5
5002263	山之元素灵	bms	25.7
5002264	红蜗牛	bms	25.7
5002265	蓝蜗牛	bms	25.7
5002266	紫蜗牛	bms	25.7
5002267	小褐沙沙兔	bms	7.5
5002268	小母沙沙兔	bms	7.5
5002269	小仙人掌宝宝	bms	7.5
5002273	粉桃泡泡	bms	25.7
5002274	绿叶泡泡	bms	25.7
5002275	薄荷泡泡	bms	25.7
5002276	熊熊要化了	bms	25.8
5002277	大黄鸭泳圈	bms	25.7
5002278	巧克力曲奇	bms	7.5
5002279	草莓马卡龙	bms	7.5
5002280	苏打棒冰	bms	7.5
5002281	我画的三角龙宝宝	bms	7.5
5002282	我画的霸王龙宝宝	bms	7.5
5002283	我画的剑龙宝宝	bms	7.5
5002287	毛绒棕熊	bms	7.5
5002288	毛绒粉熊	bms	7.5
5002289	毛绒紫熊	bms	7.5
5002293	绵绵黑羊	bms	7.5
5002294	绵绵棕羊	bms	7.5
5002295	绵绵白羊	bms	7.5
5002296	核心宝石	bms	27.5
5002297	经验宝石	bms	27.5
5002298	镜子宝石	bms	27.5
5002299	迷你修嘉	bms	25.7
5002306	焦脆	bms	27.1
5002307	焦黄	bms	27.1
5002308	焦黑	bms	27.1
5002309	阿鲁鲁	bms	27.1
5002310	多多	bms	27.1
5002311	巴乌	bms	27.1
5002312	冒险岛女神	bms	27.1
5002313	翼人女神	bms	27.1
5002314	阿尼玛女神	bms	27.1
5002315	多隆	bms	27.9
5002316	托里	bms	27.9
5002317	里灵	bms	27.9
5002318	巴力	bms	27.2
5002319	路西	bms	27.2
5002320	莱彼	bms	27.2
5002324	草莓	bms	26.7
5002325	可可	bms	26.7
5002326	香草	bms	26.7
5002327	阴森熊	bms	27.1
5002328	阴森兔	bms	27.1
5002329	阴森喵	bms	27.1
5002330	努努	bms	27.7
5002331	谷谷	bms	27.7
5002332	比比	bms	27.7
5002333	黃虎機器人	bms	19.0
5002334	白虎機器人	bms	19.0
5002335	黑虎機器人	bms	19.0
5002337	밍고 검마	bms	27.1
5002338	오리 검마	bms	27.1
5002339	비치볼 검마	bms	27.1
5002340	팬케오리	bms	27.1
5002341	다쿠아부기	bms	27.1
5002342	마들고렌	bms	27.1
5002343	쁘띠토벤	bms	27.1
5002344	아케인토벤	bms	27.1
5002345	블링토잉	bms	27.1
5002346	아이스핑크빈	bms	27.1
5002347	아이스슬라임	bms	27.1
5002348	아이스예티	bms	27.1
5002349	冰沙	bms	26.0
5002350	阿罗	bms	25.8
5002351	宝丽	bms	25.8
5002352	夏苓	bms	25.8
5002353	美好心情	bms	25.8
5002354	发火闪电	bms	25.8
5002355	哭哭云朵	bms	25.8
5002356	托特	bms	25.8
5002357	贝拉	bms	25.8
5002358	死神兔	bms	25.8
5002359	粉色棉绒宠物	bms	7.5
5002360	黄色棉绒宠物	bms	7.5
5002361	蓝色棉绒宠物	bms	7.5
5002365	托特	bms	25.9
5002366	贝拉	bms	25.9
5002367	死神兔	bms	25.9
5002369	什锦串烧	bms	7.5
5002370	炙烤肋排	bms	7.5
5002371	带骨烤肉	bms	7.5
5002372	敲鼓兔兔宠物	bms	7.5
5002373	玩具鸭鸭宠物	bms	7.5
5002374	木马骑兵宠物	bms	7.5
5002375	네스	bms	27.6
5002376	미미	bms	27.4
5002377	비쥬	bms	27.1
5002378	소다	bms	27.6
5002379	베티	bms	27.6
5002380	민티	bms	27.6
5002381	꼬미	bms	27.1
5002382	토미	bms	27.1
5002383	라미	bms	27.1
5002387	小狄尼夫	bms	19.0
5002388	小内卡尔	bms	19.0
5002389	小阿尔法	bms	19.0
5002390	哇啊	bms	25.8
5002391	咔昂	bms	25.8
5002392	昂昂	bms	25.8
5002393	牛奶蛋糕卷	bms	25.8
5002394	草莓蛋糕卷	bms	25.8
5002395	抹茶蛋糕卷	bms	25.8
5002396	棉花糖品克缤	bms	25.9
5002400	黄昏	bms	25.8
5002401	影舞	bms	25.8
5002402	雪团	bms	25.8
5002414	托特	bms	25.8
5002415	贝拉	bms	25.8
5002416	死神兔	bms	25.8
5002500	棉花糖品克缤	bms	25.9
5002501	小天使兔	bms	7.5
5002502	小恶魔兔	bms	7.5
5002503	小精灵兔	bms	7.5
5002504	村长绿水灵	bms	18.9
5002505	学者绿水灵	bms	18.9
5002506	温泉绿水灵	bms	18.9
5002510	小神兽	bms	31.2
5002511	红色枫叶宠物	bms	7.4
5002512	黄色银杏叶宠物	bms	7.4
5002513	绿色树叶宠物	bms	7.4
5002514	咕咚	bms	25.8
5002515	呼噜	bms	25.8
5002516	摇摇	bms	25.8
5002517	大码石精灵	bms	25.7
5002518	娇小石精灵	bms	25.7
5002519	古木妖宠物	bms	7.4
5002520	黑木妖宠物	bms	7.4
5002521	黑斧木妖宠物	bms	7.4
5002525	信使咩咩羊	bms	7.4
5002526	信使大耳象	bms	7.4
5002527	信使闪电树懒	bms	7.4
5002534	咕皮宠物	bms	7.5
5002535	哆皮宠物	bms	7.5
5002536	哩皮宠物	bms	7.5
5002537	铜币宠物	bms	7.5
5002538	银币宠物	bms	7.5
5002539	金币宠物	bms	7.5
5002543	草莓棉花糖	bms	7.5
5002544	海盐棉花糖	bms	7.5
5002545	抹茶棉花糖	bms	7.5
5002547	巨蛙	bms	7.5
5002548	蓝蛙	bms	7.5
5002549	小蛙	bms	7.5
5002550	飘飘白兔	bms	7.5
5002551	飘飘灰兔	bms	7.5
5002552	飘飘棕兔	bms	7.5
5002567	火独眼兽	bms	7.5
5002568	风独眼兽	bms	7.5
5002569	冰独眼兽	bms	7.5